PUBLICATION_ID,MCZBASE.GET_PUBLICATION_AUTHORS_ALL(P.PUBLICATION_ID),PUBLISHED_YEAR,PUBLICATION_TITLE,JOURNAL_NAME,JOURNAL_ABBREVIATION,VOLUME_NUMBER,ISSUE_NUMBER,BEGINS_PAGE_NUMBER,ENDS_PAGE_NUMBER,PUBLISHER_NAME, 
5731,"Agassiz, L.",1839,no article title available,Soc.Sci.Nat. Helvetica Mem.,Soc.Sci.Nat. Helvetica Mem.,3,1,87,6,, 
1960,"Thomas, A.O.",1920,no article title available,Iowa Geol.Survey,Iowa Geol.Survey,29,,483,492,, 
4858,"Powers, S.",1922,no article title available,Am.Jour.Sci.,Am.Jour.Sci.,3,14,105,,, 
2144,William More Gabb,1864,no article title available,"Geological Survey of CA: Paleontology,","Geological Survey of CA: Paleontology,",1,,61,62,, 
3356,"Walcott, C.D.",1876,no article title available,"New York State Mus.Nat.Hist., 28th,Ann.Rept.,doc.ed","New York State Mus.Nat.Hist., 28th,Ann.Rept.,doc.",,,93,,, 
4407,"Kummel, B.",1969,Ammonoids of the Late Scythian (Lower Triassic),"Bull of the MCZ,","Bull of the MCZ,",137,3,476,,, 
2221,"Shaw, A.B.",1966,no article title available,Jour.Paleontology,Jour.Paleontology,40,4,846,,, 
4898,"Springer, F.",1901,Uintacrinus: its structure and relations.,Harvard Univ.Mus.Comp.Zoology Mem.,Harvard Univ.Mus.Comp.Zoology Mem.,25,1,19,,, 
1364,"Sprinkle, J.T. and R.C. Gutschick",1990,Early Mississippian blastoids from western Montana,Harvard Univ.Mus.Comp.Zoology Bull.,Harvard Univ.Mus.Comp.Zoology Bull.,152,3,145,,, 
3531,"Whittington, H.B.",1999,no article title available,Jour.Paleontology,Jour.Paleontology,73,3,427,,, 
1086,Joachim Barrande,1872,no article title available,Systeme Silurien du Centre de la Boheme Supplement,Systeme Silurien du Centre de la Boheme Supplemen,1,,112,113,, 
3630,"Scudder, S. H.",1882,no article title available,"Am.Jour.Sci. 3rd ser,","Am.Jour.Sci. 3rd ser,",24,141,161,162,, 
1175,"Wachsmuth, C. and Frank Springer",1897,The North American Crinoidea camerata. Volume I.,Harvard Univ.Mus.Comp.Zoology Mem.,Harvard Univ.Mus.Comp.Zoology Mem.,20,,106,,, 
1684,"Kammer, T.W. and Ausich, W.I.",1996,no article title available,Jour.Paleontology,Jour.Paleontology,70,5,858,15,, 
880,"Jefferies, R.P.S.",1973,no article title available,Royal Soc. London Philos. Trans. Series B,Royal Soc. London Philos. Trans. Series B,265,,438,,, 
2572,"Hamlin, C.E.",1884,"Results of an examination of Syrian molluscan fossils, chiefly from the range of Mount Lebanon.","Memoirs of the Museum of Comparative Zoology,","Memoirs of the Museum of Comparative Zoology,",10,3,14,15,, 
5422,"Kummel, B.",1968,Additional Scythian ammonoids from Afghanistan,"Bull. of the MCZ,","Bull. of the MCZ,",136,13,490,499,, 
5600,"Faul, H.",1950,no article title available,Jour.Paleontology,Jour.Paleontology,24,1,102,105,, 
1419,"Hyatt, A.",1883,no article title available,"Proc. BSNH,","Proc. BSNH,",22,,295,,, 
4281,"Whittington, H.B.",2002,no article title available,Jour. Paleontology,Jour. Paleontology,,,315,,, 
4321,"Oliver, W.A. and Galle, A.",1970,no article title available,Sbornik Geologickych Ved.Paleontologie,Sbornik Geologickych Ved.Paleontologie,14,,89,91,, 
4322,"Bronn, H.G.",1836,no article title available,Lethaea Geognostica,Lethaea Geognostica,3,,366,,, 
1207,"Shuler, E.W.",1915,no article title available,"Am.Jour.Sci.,ser.4,","Am.Jour.Sci.,ser.4,",39,233,551,,, 
1855,"Thomas, A.T.",1978,British Wenlock Trilobites. Part 1.,"Palaeontographical Soc. London Mono.,","Palaeontographical Soc. London Mono.,",132,552,17,,, 
2537,"Hughes, N.C. and Chapman, R.E.",1995,no article title available,Lethaia,Lethaia,28,,335,,, 
4657,"Smith, M.",1936,no article title available,Nautilus,Nautilus,49,4,138,,, 
1493,"Rogalla, N.S. and Amler, M.R.W.",2003,no article title available,Cour.Forsh.-Inst.Senckenberg,Cour.Forsh.-Inst.Senckenberg,242,242,54,9,, 
3846,"Ciriacks, K.W.",1963,no article title available,Am.Mus.Nat.History Bull.,Am.Mus.Nat.History Bull.,125,,79,,, 
9229,"Turek, V.",2007,no article title available,Czech Bulletin of Geosciences,Czech Bulletin of Geosciences,82,1,2,,, 
7045,"Buckman, S.S.",1904,no article title available,"Ammonites of the Inferior Oolite Series, pt.12,supp.","Ammonites of the Inferior Oolite Series, pt.12,su",,,85,86,, 
8142,"Schneider, J.A.",1995,no article title available,"Zoologica Scripta,","Zoologica Scripta,",24,4,337,,, 
8191,"Kobayashi, T.",1944,no article title available,"Jour. Faculty Science, Imperial Univ. Tokyo Section 2,","Jour. Faculty Science, Imperial Univ. Tokyo Secti",7,2,49,50,, 
6055,"Wills, L.",1966,no article title available,"Arkiv for Zoologi,","Arkiv for Zoologi,",18,2,129,,, 
6755,"Hyatt, A.",1872,Fossil Cephalopods of the Museum of Comparative Zoology ,Harvard Univ. Mus. Comp. Zoology Bull.,Harvard Univ. Mus. Comp. Zoology Bull.,5,5,91,9,, 
8956,"Meek, F.B. and A.H. Worthen",1860,no article title available,Acad.Nat.Sci.Philadelphia Proc.,Acad.Nat.Sci.Philadelphia Proc.,12,,386,,, 
8977,"Westermann, G.E.G.",1977,no article title available,"Paleobiology,","Paleobiology,",3,3,304,,, 
7940,"Whittard, W.F.",1952,no article title available,"British Mus.(Nat.History)Bull.,Geology","British Mus.(Nat.History)Bull.,Geology",1,10,318,,, 
8718,"Haugh, B.N.",1973,no article title available,"Jour.Paleontology,","Jour.Paleontology,",47,1,86,,, 
1495,"Stumm, E.C.",1964,Silurian and Devonian Corals of the Falls of the Ohio,Geol.Soc.Amer.Mem.93,Geol.Soc.Amer.Mem.93,,,28,,, 
2044,Francis Arthur Bather,1934,"Chelonechinus N.G., A Neogene Urechinid",Geol.Soc.Amer.Bull.,Geol.Soc.Amer.Bull.,45,4,808,832,, 
5863,"Gould, S.J.",1994,no article title available,"J. of Paleontology,","J. of Paleontology,",68,5,1034,5,, 
1434,"Shaw, A.B.",1966,no article title available,Jour.Paleontology,Jour.Paleontology,40,2,280,,, 
2874,"Sprinkle, J.T.",1973,Morphology and evolution of blastozoan Echinoderms. Special Publication.,Harvard Univ.Mus.Comp.Zoology Spec.Pub.,Harvard Univ.Mus.Comp.Zoology Spec.Pub.,,,154,,, 
4052,"Grabau, A. W.",1904,no article title available,Smithsonian Misc.Colln.,Smithsonian Misc.Colln.,44,1417,117,118,, 
1856,"Whiteley,T.E., Kloc,G.J. and Brett,C.E.",2002,no article title available,Trilobites of New York: An Illustrated Guide,Trilobites of New York: An Illustrated Guide,,,121,,, 
3638,"Rolfe, W.D.I.",1962,no article title available,Paleontology,Paleontology,4,,548,,, 
1951,"Clark, T.H.",1919,"A section of the Trenton limestone at Martinsburg, New York",Harvard Univ.Mus.Comp.Zoology Bull.,Harvard Univ.Mus.Comp.Zoology Bull.,63,1,14,,, 
1761,"Hoffman, R.L.",1963,no article title available,Jour.Paleontology,Jour.Paleontology,37,1,171,4,, 
1760,"Baird, D.",1958,no article title available,Jour.Paleontology,Jour.Paleontology,32,1,239,,, 
1829,"Galloway, J.J. and St.Jean, J.",1961,no article title available,Bulls.Am.Paleontology,Bulls.Am.Paleontology,43,194,32,34,, 
1104,"Whittington, H.B. and K.S.W. Campbell",1967,Silicified silurian trilobites from Maine,Harvard Univ.Mus.Comp.Zoology Bull.,Harvard Univ.Mus.Comp.Zoology Bull.,135,9,457,,, 
4144,"Flower, R.H.",1976,no article title available,"New Mexico Bur.Mines and Mineral Resources Mem.28,Part I",New Mexico Bur.Mines and Mineral Resources Mem.28,,,12,,, 
4154,"Flower, R.H.",1952,no article title available,Jour.Paleontology,Jour.Paleontology,26,1,46,15,, 
4354,"Fortey, R.",1997,no article title available,Paleontology,Paleontology,40,2,406,,, 
2767,"Cooper, G.A.",1955,New genera of middle Paleozoic brachiopods,"Jour.Paleontology,","Jour.Paleontology,",29,1,46,,, 
4625,"Lesperance, P.J.",1975,no article title available,Jour.Paleontology,Jour.Paleontology,49,1,113,117,, 
8028,"Briggs, D.E.",1979,no article title available,"Palaeontology,","Palaeontology,",22,,633,,, 
14420,Raymond P.E.,1944,Late Paleozoic Xiphosurans,,,,,,,, 
7426,H.L. Clark,1937,no article title available,San Diego Soc.Nat.Hist.Trans.,San Diego Soc.Nat.Hist.Trans.,8,28,368,,, 
7547,"Conway Morris, S.",1985,no article title available,"Philos. Trans.,","Philos. Trans.,",307,1134,528,,, 
7047,"Buckman, S.S.",1899,no article title available,"Ammonites of the Inferior Oolite Series, pt.11,supp.","Ammonites of the Inferior Oolite Series, pt.11,su",,,,15,, 
8613,"Parsley, R.L. and Mintz, L.W.",1975,no article title available,Bulls. Am. Paleontology,Bulls. Am. Paleontology,68,288,86,,, 
8074,"Brower, J.C. and Veinus, J.",1974,no article title available,"Bulls.Am.Paleontology,","Bulls.Am.Paleontology,",66,283,98,102,, 
8969,"Ruedemann, R.",1934,Paleozoic Plankton of North America,Geol.Soc.Amer.Mem. 2,Geol.Soc.Amer.Mem. 2,,,92,93,, 
9347,"Gould, S.J. and Schindel, D.E.",1977,no article title available,Paleobiology,Paleobiology,3,3,261,,, 
5801,"Grant, U.S. and Hertlein, L.G.",1938,no article title available,Calif.Univ.Pub.Math.Phys.Sci.,Calif.Univ.Pub.Math.Phys.Sci.,2,,104,,, 
2037,"Lambert, A.E. and C.H. Hitchcock",1905,"A Trilobite (Dalmanites lunatus) from Littleton, N.H., with notes on other fossils from the same locality","A Trilobite (Dalmanites lunatus) from Littleton, N.H., with notes on other fossils from the same locality.","A Trilobite (Dalmanites lunatus) from Littleton, ",,,36,37,, 
4769,"Pojeta, J. and Runnegar, B.",1976,no article title available,U.S. Geol.Survey Prof.Paper 968,U.S. Geol.Survey Prof.Paper 968,,,76,77,, 
2818,"Okulitch, V.J.",1935,Cyathospongia—A new class of Porifera to include Archaeocyathinae,Royal Soc.Canada Trans. 3rd ser.,Royal Soc.Canada Trans. 3rd ser.,29,,101,,, 
4863,"Walcott, C.D.",1889,no article title available,U.S.Natl.Mus.Proc.,U.S.Natl.Mus.Proc.,12,775,365,,, 
4865,"Miller, S.A.",1874,no article title available,Cincinnati Quart.Jour.Sci.,Cincinnati Quart.Jour.Sci.,1,4,347,,, 
3358,"Ulrich, E.O. and Scofield, W.H.",1897,no article title available,Minnesota Geol.Nat.Hist.Survey Final Report,Minnesota Geol.Nat.Hist.Survey Final Report,3,,823,,, 
6049,"Wills, L.",1964,no article title available,"Palaeontology,","Palaeontology,",7,,476,9,, 
2331,"Whittington, H.B.",1968,"The Ordovician Trilobites of the Bala Area, Merioneth","Paleontographical Soc.London Mono. Part IV,","Paleontographical Soc.London Mono. Part IV,",122,520,104,,, 
2352,"Bruton, D.L.",1968,no article title available,Skrifter Utgitt av Det Norske Videnskaps-Akademi I Oslo. I Mat.-Naturv. Klasse. Ny Serie. No. 25,Skrifter Utgitt av Det Norske Videnskaps-Akademi ,,,38,42,, 
1740,"Ristedt, H.",1971,no article title available,"Palaeontographica Abt. A,","Palaeontographica Abt. A,",137,,189,,, 
867,"Walcott, C.D.",1883,no article title available,Albany Inst.Trans.,Albany Inst.Trans.,10,,20,,, 
3557,"Clark, T.H.",1923,no article title available,Canadian Field Naturalist,Canadian Field Naturalist,37,7,121,122,, 
3631,"Scudder, S. H.",1884,no article title available,Boston Soc.Nat.Hist.Mem.,Boston Soc.Nat.Hist.Mem.,3,9,283,,, 
1067,"Kammer, T.W. and Gahn, F.J.",2003,no article title available,Jour. Paleontology,Jour. Paleontology,1,1,131,,, 
1721,"Rich, M.",1966,no article title available,"J. of Paleontology,","J. of Paleontology,",40,6,1381,1384,, 
1242,"Hyatt, A.",1894,no article title available,Am.Philos.Soc.Proc.,Am.Philos.Soc.Proc.,32,143,475,,, 
1426,"Saemann, L.",1853,no article title available,"Palaeontographica,v.III","Palaeontographica,v.III",,,166,,, 
4091,"Pojeta, J and Runnegar, B.",1974,no article title available,Am.Scientist,Am.Scientist,62,6,709,,, 
5663,"Hall, J.",1871,Description of new species of Crinoidea and other fossils from strata of the age of the Hudson-River Group and Trenton limestone,Advance copy of 24th Rept.on State Cab.Nat.History,Advance copy of 24th Rept.on State Cab.Nat.Histor,,,3,,, 
1449,"Whiteley, T.E.",1997,no article title available,American Paleontologist,American Paleontologist,5,2,,,, 
5685,"Bell, B.M.",1976,no article title available,New York State Mus.and Sci.Service Mem.21,New York State Mus.and Sci.Service Mem.21,,,116,,, 
9131,"Mutvei, H.",1964,no article title available,Arkiv for Zoologi,Arkiv for Zoologi,,,398,,, 
6343,"Flower, R.H.",1942,no article title available,"Jour.Paleontology,","Jour.Paleontology,",27,105,19,,, 
6404,"Whittington, H.B.",1961,A natural history of trilobites,Smithsonian Inst.Ann.Rept. 1961,Smithsonian Inst.Ann.Rept. 1961,,,409,,, 
7645,"Resser, C.E.",1937,no article title available,Jour.Paleontology,Jour.Paleontology,11,1,52,53,, 
8595,"Rogers, W.B.",1854,no article title available,Boston Soc.Nat.Hist.Proc.,Boston Soc.Nat.Hist.Proc.,5,,14,18,, 
9439,"Budil, P., Horbinger,F. and R. Mencl",2009,no article title available,"EARTH ENV. SCI. TRANS. ROYAL SOC. EDINBURGH,","EARTH ENV. SCI. TRANS. ROYAL SOC. EDINBURGH,",99,,76,,, 
6748,"Miller, A.K., Dunbar, C.O. and Condra, G.E.",1933,"The nautiloid cephalopods of the Pennsylvanian system in the Midcontinent
region","Nebraska Geol. Surv. Bull. ser. 2,","Nebraska Geol. Surv. Bull. ser. 2,",,,195,,, 
7089,"Macurda, D.B.",1966,no article title available,Jour.Paleontology,Jour.Paleontology,40,1,103,18,, 
7714,"Johnson, C.W.",1910,no article title available,Nautilus,Nautilus,24,1,11,12,, 
7758,"Raymond, P.E.",1921,no article title available,Boston Soc.Nat.Hist.Proc.,Boston Soc.Nat.Hist.Proc.,36,36,168,,, 
8747,"Bohaty,J.",2009,no article title available,Jour. Paleontology,Jour. Paleontology,83,1,49,,, 
5336,"Jackson, R.T. and T.A. Jaggar",1896,Studies of <i>Melonites multiporus</i>,Geol.Soc.Amer.Bull.,Geol.Soc.Amer.Bull.,7,,137,,, 
2039,"Moore, R.C.",1957,no article title available,Treatise on Invertebrate Paleontology,Treatise on Invertebrate Paleontology,,,,,, 
2739,"Grabau, A. W.",1900,no article title available,Boston Soc.Nat.Hist. Occasional Papers,Boston Soc.Nat.Hist. Occasional Papers,4,,681,694,, 
4868,"Osgood, R.G.,Jr.",1970,Trace Fossils of the Cincinnati Area,Palaeontographica Americana,Palaeontographica Americana,6,41,296,,, 
4998,"Arnold, B.W., H.L. Clark and H.L. Hawkins",1927,Jamaican fossil Echini. With descriptions of new species of Cainozoic Echinoidea.,Harvard Univ.Mus.Comp.Zoology Mem.,Harvard Univ.Mus.Comp.Zoology Mem.,50,1,63,64,, 
5867,"Raymond, P.E. and D.C. Barton",1913,A revision of the American species of <i>Ceraurus</i>,Harvard Univ.Mus.Comp.Zoology Bull.,Harvard Univ.Mus.Comp.Zoology Bull.,54,20,534,535,, 
1423,"Hyatt, A.",1893,no article title available,Geological Survey of Texas (1892),Geological Survey of Texas (1892),,,439,440,, 
4359,"Geinitz, H.B.",1866,no article title available,Carbonformation und Dyas in Nebraska,Carbonformation und Dyas in Nebraska,,,64,,, 
4404,"Kummel, B.",1966,"The lower Triassic formations of the Salt Range and Trans-Indus Ranges, West Pakistan","Bull. of the MCZ,","Bull. of the MCZ,",134,10,393,394,, 
3954,"Hyatt, A.",1889,Genesis of the Arietidae.,"Memoirs of the MCZ,","Memoirs of the MCZ,",16,3,65,66,, 
4463,"Whittington, H.B.",1940,no article title available,Am.Jour.Sci.,Am.Jour.Sci.,238,4,247,,, 
2266,"Albritton, C.C., Jr.",1937,"Upper Jurassic and Lower Cretaceous ammonites of the Malone Mountains, Trans-Pecos Texas","Bull. of the MCZ,","Bull. of the MCZ,",80,10,393,5,, 
864,"Ruedemann, R.",1930,no article title available,"Am.Jour.Sci.,ser.5,","Am.Jour.Sci.,ser.5,",20,118,308,311,, 
2350,"Hall, J. and Whitfield, R.P.",1877,no article title available,"United States Geol.Explo. Fortieth Parallel. Clarence King, Geologist in charge.",United States Geol.Explo. Fortieth Parallel. Clar,4,2,226,,, 
2373,"Rolfe, W.D.I.",1963,no article title available,Jour.Paleontology,Jour.Paleontology,37,2,486,,, 
3553,"Rolfe, W.D.I.",1969,no article title available,The Treatise on Invertebrate Paleontology pt.R,The Treatise on Invertebrate Paleontology pt.R,,,,,, 
1615,"Meek, F.B.",1873,no article title available,Ohio Geol.Survey,Ohio Geol.Survey,1,,,,, 
4100,"Rogers, W.B. and Rogers, H.B.",1837,no article title available,Am.Philos.Soc.Trans.,Am.Philos.Soc.Trans.,5,14,333,,, 
1876,"Meek, F.B. and A.H. Worthen",1866,no article title available,Illinois Geol.Survey,Illinois Geol.Survey,2,,173,,, 
3976,"Clark, T.H.",1917,New Blastoids and Brachiopods from the Rocky Mountains,Harvard Univ.Mus.Comp.Zoology Bull.,Harvard Univ.Mus.Comp.Zoology Bull.,61,9,377,,, 
1755,"Schweitzer, C.E. and Feldmann, R.M.",2000,no article title available,Contr.Zoology,Contr.Zoology,69,4,6,,, 
1120,"Haugh, B.N.",1975,no article title available,"Jour.Paleontology,","Jour.Paleontology,",49,3,483,,, 
4140,"Flower, R.H.",1968,no article title available,"New Mexico Bur.Mines and Mineral Resources Mem.19,Part I",New Mexico Bur.Mines and Mineral Resources Mem.19,,,8,9,, 
4162,"Parsley, R.L.",1998,no article title available,Vestnik Ceskeho geologickeho ustavu,Vestnik Ceskeho geologickeho ustavu,73,3,258,260,, 
4262,"Newell, F.H.",1888,no article title available,Boston Soc.Nat.Hist.,Boston Soc.Nat.Hist.,23,,484,,, 
1290,"Ulrich, E.O.",1879,no article title available,Cincinnati Soc.Nat.Hist.Jour.,Cincinnati Soc.Nat.Hist.Jour.,2,1,9,,, 
1420,"DeKoninck, L.G.",1851,no article title available,Descr. de Animaux Fossiles...Carbonaire de Belgique,Descr. de Animaux Fossiles...Carbonaire de Belgiq,,,710,1,, 
2667,"Cleaves, A.B. and Fox, E.F.",1935,"Geology of the West End of Ymer Island, East Greenland",Geol.Soc.Amer.Bull.,Geol.Soc.Amer.Bull.,46,,473,,, 
4668,"Laub, R.S., W. A. Oliver Jr., W. J. Sando, S. D. Cairns, A. G. Coates, F.M. Bayer and J. E. Sorauf",1984,"<i>Linchenaria</i> Winchell & Schuchert, 1895, <i>Lamottia</i> Raymond, 1924 and the early history of the tabulate corals <i>in</i> the Paleobiology and Geology of the Cnidaria. Proceedings of the Fourth International Symposium on Fossil Cnidaria held in Washington, DC, U.S.A., August, 1983",Palaeontographica Americana,Palaeontographica Americana,54,54,160,12,, 
4712,"Cisne, J.L.",1975,no article title available,Fossil and Strata,Fossil and Strata,4,4,48,,, 
4720,"Erben, H.K.",1966,no article title available,Neus Jahrb.Geologie U.Palaontologie Abh.,Neus Jahrb.Geologie U.Palaontologie Abh.,125,,184,188,, 
1461,"Walcott, C.D.",1918,no article title available,Smithsonian Misc. Colln.,Smithsonian Misc. Colln.,67,4,147,148,, 
9046,"Teichert, C. and B. Kummel",1973,"Nautiloid cephalopods from the Julfa beds, Upper Permian, Northwest Iran",Harvard Univ.Mus.Comp.Zoology Bull.,Harvard Univ.Mus.Comp.Zoology Bull.,144,6,414,,, 
9164,"Miller, S.A.",1874,no article title available,Cincinnati Quart.Jour.Sci.,Cincinnati Quart.Jour.Sci.,1,2,123,,, 
7279,"Kier, P.M.",1962,no article title available,Smithsonian Misc.Colln.,Smithsonian Misc.Colln.,144,3,129,130,, 
7539,"Rolfe, W.D.I.",1962,Two new arthropod carapaces from the Burgess Shale (Middle Cambrian) of Canada,"Breviora,","Breviora,",160,160,1,,, 
7544,"Conway Morris, S.",1979,no article title available,"Ann. Review of Ecology and Systematics,","Ann. Review of Ecology and Systematics,",10,,333,,, 
7177,"White, C.A.",1880,no article title available,"12th Annual Rept.,U.S.Geol.and Geog.Survey of the Territories, pt.1","12th Annual Rept.,U.S.Geol.and Geog.Survey of the",,,149,,, 
7004,"Macurda, D.B.",1964,no article title available,Jour.Paleontology,Jour.Paleontology,38,2,367,377,, 
7042,"Buckman, J.",1881,no article title available,"Quart. Journ. Geol. Soc.,","Quart. Journ. Geol. Soc.,",37,,61,,, 
8943,"Jackson, R.T.",1899,no article title available,"Mem. Boston Soc. Nat. Hist.,","Mem. Boston Soc. Nat. Hist.,",5,4,134,6,, 
7906,"Bowen, Z.P.",1966,Intraspecific variation in the brachial cardinalia of Atrypa reticularis,"J. of Paleontology,","J. of Paleontology,",40,5,1017,1021,, 
9493,"Theokritoff, G.",2007,no article title available,"NORTHEASTERN GEO.ENV.SCI.,","NORTHEASTERN GEO.ENV.SCI.,",29,3,178,,, 
10380,"Wachsmuth, C. and Frank Springer",1897,no article title available,Harvard Univ.Mus.Comp.Zoology Mem.,Harvard Univ.Mus.Comp.Zoology Mem.,21,,557,,, 
5006,"Arnold, B.W. and H.L. Clark",1934,Some additional fossil Echini from Jamaica.,Harvard Univ.Mus.Comp.Zoology Mem.,Harvard Univ.Mus.Comp.Zoology Mem.,54,2,156,,, 
1718,"Shaw, A.B.",1966,no article title available,Jour.Paleontology,Jour.Paleontology,40,6,1321,,, 
3916,"Kummel, B. and Steele, G.",1962,no article title available,"Journal of Paleontology,","Journal of Paleontology,",36,4,681,699,, 
4813,"Petuch, E.J.",1988,no article title available,Jour. Paleomalacology,Jour. Paleomalacology,1,2,36,,, 
14132,"Willard, B. and P.E. Raymond",1928,The Brachiopods of the ottosee and holston formations of Tennessee and Virginia and The Brachiopods of the lenoir and athens formations of Tennessee and Virginia ,,,,,,,, 
2877,"Moore, R.C.",1966,no article title available,Treatise on Invert. Paleo. Part U,Treatise on Invert. Paleo. Part U,,,,7,, 
875,"Rudwick, M.J.S.",1965,no article title available,Palaeont.Zeitschr.,Palaeont.Zeitschr.,39,3,143,144,, 
2372,"Rolfe, W.D.I.",1962,no article title available,Jour.Paleontology,Jour.Paleontology,36,5,914,,, 
2375,"Sprinkle, J.T. and Kolata, D.R.",1982,no article title available,Kansas Univ. Paleont. Contr. Mon.,Kansas Univ. Paleont. Contr. Mon.,1,1,211,20,, 
2569,"Allmon, W.D.",1990,no article title available,"Bulls. Am. Paleontology,","Bulls. Am. Paleontology,",99,335,,45,, 
1188,"Meek, F.B. and A.H. Worthen",1861,Descriptions of new paleozoic fossils from Illinois and Iowa,Acad.Nat.Sci.Philadelphia Proc. ser.1,Acad.Nat.Sci.Philadelphia Proc. ser.1,13,,129,,, 
1477,"Raymond, P.E.",1920,no article title available,Connecticut Acad. Arts and Sci. Mem.,Connecticut Acad. Arts and Sci. Mem.,7,,79,,, 
1742,"Crosby, W.O.",1900,no article title available,Occasional Papers of the Boston Society of Natural History,Occ. Papers Boston Soc. N. H.,1,,674,679,, 
889,"Bell, B.M. and J.T. Sprinkle",1978,no article title available,Jour.Paleontology,Jour.Paleontology,52,2,247,,, 
5411,"D'Orbigny, A.",1844,no article title available,Paleontologie Francaise-Terrains Jurassiques,Paleontologie Francaise-Terrains Jurassiques,,,304,305,, 
4030,"Hyatt, A.",1866,The fossil Cephalopods of the Museum of Comparative Zoology,"Bulletin of the MCZ,","Bulletin of the MCZ,",1,5,75,,, 
1116,Frank Springer,1926,no article title available,"Smithsonian Misc.Colln.,pub.2871","Smithsonian Misc.Colln.,pub.2871",,,123,,, 
4090,"Newell, N.D. and Boyd, D.W.",1981,no article title available,Jour.Paleontology,Jour.Paleontology,55,1,62,64,, 
5638,"Pain, T. and D. Beatty",1964,A new species of freshwater gastropod mollusc of the genus <i>Saulea </i>from the Miocene of Kenya,Breviora,Breviora,212,212,1,3,Museum of Comparative Zoology, 
1415,"Bradley, J.H.",1921,The Brachiopoda of the Maquoketa of Iowa,Harvard Univ.Mus.Comp.Zoology Bull.,Harvard Univ.Mus.Comp.Zoology Bull.,64,6,506,,, 
2613,"Roemer, A.",1852,no article title available,"Palaenotographica V.III,N.2","Palaenotographica V.III,N.2",2,2,70,,, 
3724,"Rasetti, F.",1952,no article title available,Jour.Paleontology,Jour.Paleontology,26,3,446,,, 
2645,"Phleger, F.B.",1935,Some Ordovician cystids from Russia,Harvard Univ.Mus.Comp.Zoology Bull.,Harvard Univ.Mus.Comp.Zoology Bull.,76,5,193,,, 
2725,"Moore, R.C.",1959,no article title available,Treatise on Invert. Paleo. Part O,Treatise on Invert. Paleo. Part O,,,504,,, 
4642,Joachim Barrande,1866,no article title available,Systeme Silurien du Centre de la Boheme Suppleme,Systeme Silurien du Centre de la Boheme Suppleme,,,574,3,, 
4667,"Dall, W.H.",1894,"Cruise of the steam yacht ""Wild Duck"" in the Bahamas, January to April, 1893, in charge of Alexander Agassiz. II. Notes on the shells collected from the shores of the Great Lagoon, Watling Island, Bahamas","Harvard Univ.Mus.Comp.Zoology Bull.25,","Harvard Univ.Mus.Comp.Zoology Bull.25,",9,9,120,121,, 
4716,D.E. Briggs and G.D. Edgecombe,1992,no article title available,Natural History,Natural History,101,11,36,,, 
5684,"Hall, J.",1866,Contributions to Palaeontology,Advance copy of 20th Rept.on State Cab.Nat.History,Advance copy of 20th Rept.on State Cab.Nat.Histor,,,7,,, 
3876,"Brower, J.C.",2005,no article title available,Jour. Paleontology,Jour. Paleontology,1,1,155,,, 
9222,"Copper, P.",2002,no article title available,"Treatise on Invertebrate Paleontology, Brachiopoda, v.H,","Treatise on Invertebrate Paleontology, Brachiopod",4,4,1447,,, 
6378,"Hotchkiss, F.H.C.",1999,no article title available,Jour.Czech Geol.Soc.,Jour.Czech Geol.Soc.,44,,333,,, 
6397,"Runnegar, B.",1974,no article title available,Jour.Paleontology,Jour.Paleontology,48,5,931,3,, 
7545,"Conway Morris, S.",1989,no article title available,"Science,","Science,",246,,340,,, 
7542,"Conway Morris, S. and Whittington, H.",1979,no article title available,"Scientific American,","Scientific American,",241,1,128,,, 
8922,"Evitt, W.R. and H.B. Whittington",1953,no article title available,Jour.Paleontology,Jour.Paleontology,27,1,49,55,, 
9094,"Whittington, H.B.",1956,no article title available,Jour.Paleontology,Jour.Paleontology,30,3,509,,, 
9340,"Mikulic, D.G. and Kluessendorf, J.",2007,no article title available,Fabulous Fossils - 300 years of Worldwide Research on Trilobites,Fabulous Fossils - 300 years of Worldwide Researc,,,162,,, 
6455,"Walcott, C.D.",1916,no article title available,Smithsonian Misc.Colln.,Smithsonian Misc.Colln.,64,3,179,,, 
7695,"Hartman, J.H.",1998,no article title available,Bivalves: An Eon of Evolution,Bivalves: An Eon of Evolution,,,336,,, 
7809,"Yochelson, E.L.",1970,no article title available,U.S.Geol.Survey Prof.Paper 683-B,U.S.Geol.Survey Prof.Paper 683-B,,,,,, 
2859,"Jackson, R.T.",1896,Studies of Palæechinoidea,Geol.Soc.Amer.Bull.,Geol.Soc.Amer.Bull.,7,,222,,, 
5797,"Desor, E.",1847,no article title available,France Geol.Soc.Bull.,France Geol.Soc.Bull.,4,2,287,288,, 
2036,"Hitchcock, C.H.",1904,New studies in the Ammonoosuc district of New Hampshire,Geol.Soc.Amer.Bull 15,Geol.Soc.Amer.Bull 15,,,480,482,, 
1943,"Miller, S.A. and C.B. Dyer",1878,no article title available,Cincinnati Soc.Nat.Hist.Jour.,Cincinnati Soc.Nat.Hist.Jour.,1,1,36,,, 
5887,"Shaw, A. B.",1966,no article title available,Jour.Paleontology,Jour.Paleontology,40,6,1326,,, 
2123,"Miller, A.K. and H. Garner",1953,no article title available,Michigan Univ. Mus. Paleontology Contr.,Michigan Univ. Mus. Paleontology Contr.,11,6,116,,, 
3364,"Parsley, R.L",1991,no article title available,"Bulls.Am.Paleontology,","Bulls.Am.Paleontology,",100,336,37,,, 
4367,"Whittington, H.B.",1950,no article title available,Jour.Paleontology,Jour.Paleontology,24,5,550,551,, 
4835,"Walcott, C.D.",1884,no article title available,U.S.Geol.Survey Bull,U.S.Geol.Survey Bull,10,10,44,,, 
5160,"Whittington, H.B.",2003,no article title available,Jour. Paleontology,Jour. Paleontology,77,4,699,701,, 
4045,"Wood, E.",1914,no article title available,New York Acad.Sci.Annals,New York Acad.Sci.Annals,24,,7,,, 
1020,"Meek, F.B. and A.H. Worthen",1868,no article title available,Illinois Geol.Survey,Illinois Geol.Survey,3,,492,,, 
1739,"Raymond, P.E.",1916,no article title available,Ottawa Naturalist,Ottawa Naturalist,29,,138,,, 
902,"Hauser, J.",1999,no article title available,Die Crinoiden der Frasnes-Stufe (Oberdevon),Die Crinoiden der Frasnes-Stufe (Oberdevon),,,61,,, 
3244,"Lieberman, B.",1999,no article title available,Yale Univ.Peabody Mus.Nat.Hist.Bull.,Yale Univ.Peabody Mus.Nat.Hist.Bull.,45,45,101,,, 
3204,"Merrill, J.A.",1895,Fossil sponges of the flint nodules in the lower Cretaceous of Texas,Harvard Univ.Mus.Comp.Zoology Bull.,Harvard Univ.Mus.Comp.Zoology Bull.,28,1,11,20,, 
908,"Walcott, C.D.",1881,The trilobite: New and old evidence relating to its organization,Harvard Univ.Mus.Comp.Zoology Bull.,Harvard Univ.Mus.Comp.Zoology Bull.,8,10,,,, 
4092,"Pojeta, J",1975,no article title available,Bulls.Am.Paleontology,Bulls.Am.Paleontology,67,287,368,370,, 
4319,"Raymond, P.E.",1925,no article title available,Boston Soc.Nat.Hist. Occasional Papers,Boston Soc.Nat.Hist. Occasional Papers,5,,183,185,, 
14147,"Bangs, O.",1913,The land mammals of Newfoundland,,,,,,,, 
5672,"Boucot, A.J.",1990,no article title available,Evolutionary Paleobio.of Behavior and Coevolution,Evolutionary Paleobio.of Behavior and Coevolution,,,66,68,, 
1450,"Whiteley,T.E., P. Gilman and Kloc,G.J.",1997,no article title available,Am.Paleontologist,Am.Paleontologist,5,2,2,,, 
4666,"Conrad, T.A.",1874,no article title available,Acad.Nat.Sci.Philadelphia Proc.,Acad.Nat.Sci.Philadelphia Proc.,26,,83,,, 
4690,"Foerste, A.F.",1928,no article title available,Denison Univ.Sci.Lab.Jour.,Denison Univ.Sci.Lab.Jour.,23,1,108,110,, 
6383,"Foerste, A.F.",1929,no article title available,Denison Univ.Sci.Lab.Jour.,Denison Univ.Sci.Lab.Jour.,24,10,332,,, 
7286,"Kesling,R. and Christopher R.C. Paul",1971,no article title available,Michigan Univ.Mus.Paleontology Contr.,Michigan Univ.Mus.Paleontology Contr.,23,14,,228,, 
8627,"Sprinkle, J.T.",1974,no article title available,"Jour.Paleontology,","Jour.Paleontology,",48,,1179,12,, 
8515,"Buckman, S.S.",1905,no article title available,"Ammonites of the Inferior Oolite Series, pt.13,supp.","Ammonites of the Inferior Oolite Series, pt.13,su",,,,,, 
7182,"Canu, F. and R.S. Bassler",1926,no article title available,U.S.Natl.Mus.Proc.,U.S.Natl.Mus.Proc.,67,,35,4,, 
8141,"Conway Morris, S. and Collins, D.H.",1996,no article title available,"Philo. Trans. Royal Society of London, Series B,","Philo. Trans. Royal Society of London, Series B,",351,1337,287,7,, 
6053,"Bassler, R.S.",1936,"Geology and paleontology of the Georges Bank Canyons, Part III. Cretaceous bryozoan from Georges Bank","Geol.Soc.Amer.Bull. 47,","Geol.Soc.Amer.Bull. 47,",3,3,411,412,, 
6932,"Bermúdez , P.J.",1935,no article title available,Soc.Cubana.Hist.Nat.Mem.,Soc.Cubana.Hist.Nat.Mem.,9,3,152,,, 
6868,"Fay, R.O.",1961,no article title available,U of KS:Paleo. Contrib. Echino. pt.3,U of KS:Paleo. Contrib. Echino. pt.3,,,54,3,, 
7043,"Buckman, S.S.",1887,Inferior Oolite Ammonites,"Ammonites of the Inferior Oolite Series, pt.1","Ammonites of the Inferior Oolite Series, pt.1",,,20,,, 
8942,"Kummel, B.",1953,no article title available,"Meddelelser om Gronland,","Meddelelser om Gronland,",127,1,12,16,, 
7696,"Morris, P.J. and Williamson, P.G.",1988,no article title available,"J. of Paleontology,","J. of Paleontology,",62,5,758,60,, 
1024,"Meek, F.B. and A.H. Worthen",1873,no article title available,Illinois Geol.Survey,Illinois Geol.Survey,5,,412,,, 
4754,"Petuch, E.J.",1986,no article title available,Jour.Costal Research,Jour.Costal Research,2,4,400,,, 
4997,"Donovan, S.K.",1993,Jamaican Cenozoic Echinoidea,Geol.Soc.Amer.Mem. 182,Geol.Soc.Amer.Mem. 182,,,402,,, 
1430,"Moore, R.C. edit.",1964,no article title available,Treatise on Invertebrate Paleontology,Treatise on Invertebrate Paleontology,,,,,, 
1099,"Raymond, P.E.",1925,Some trilobites of the Lower Middle Ordovician of eastern North America ,Harvard Univ.Mus.Comp.Zoology Bull,Harvard Univ.Mus.Comp.Zoology Bull,67,1,62,,, 
2177,"Saul, J.M.",1967,no article title available,"J. of Paleontology,","J. of Paleontology,",41,5,1128,,, 
14446,"Cloud, P.E.",1948,Brachiopods from the Lower Ordovician of Texas,,,,,,,, 
2338,"Norford, B.S.",1973,no article title available,"Geological Society of Canada, Bull. 222","Geological Society of Canada, Bull. 222",,,22,3,, 
3467,"Ristedt, H.",1968,no article title available,"Akademie der Wissenschaften und der Literatur,","Akademie der Wissenschaften und der Literatur,",4,4,245,6,, 
934,"Brett,C.E., Whiteley, T. and P. Allison",1999,no article title available,Jour.Paleontology,Jour.Paleontology,73,2,295,,, 
1734,"Walcott, C.D.",1879,no article title available,New York State Mus. Ann. Rept. 31,New York State Mus. Ann. Rept. 31,,,69,70,, 
1737,"Prantl, F. and Pribyl, A.",1949,no article title available,"Rozpravy, s","Rozpravy, s",,,188,189,, 
3258,"Jackson, R.T.",1890,no article title available,Boston Soc.Nat.Hist.Mem.,Boston Soc.Nat.Hist.Mem.,4,8,332,,, 
5597,"Burr, H.T.",1900,no article title available,Am.Geologist,Am.Geologist,25,,49,,, 
1117,"Moore, R.C.",1962,no article title available,Kansas Univ.Paleont.Contr. Art.4,Kansas Univ.Paleont.Contr. Art.4,,,31,,, 
4133,"Smith, M.",1937,no article title available,"Nautilus,","Nautilus,",51,2,67,,, 
4331,"Welby, C.W.",1965,no article title available,Jour.Paleontology,Jour.Paleontology,39,2,288,289,, 
2555,"Vaughan, T.H. and J.E. Hoffmeister",1925,New species of fossil corals from the Dominican Republic ,"Bull. of the Museum of Comparative Zoology,","Bull. of the Museum of Comparative Zoology,",67,8,316,,, 
3701,"Maletz, J. and Mitchell, C.E.",1996,no article title available,Jour.Paleontology,Jour.Paleontology,70,4,647,650,, 
2681,"Rathbun, M.J.",1935,no article title available,Geol.Soc.Amer.Spec.Paper,Geol.Soc.Amer.Spec.Paper,2,2,35,3,, 
2754,"Bohaty, J.",2005,no article title available,Palaeont. Zeitschr.,Palaeont. Zeitschr.,79,2,220,,, 
4692,"John, D.L., N.C. Hughes, M.I. Galaviz, G.O. Gunderson and R. Meyer",2010,no article title available,"JOUR.PALEONTOLOGY,","JOUR.PALEONTOLOGY,",84,1,14,15,, 
9086,"Miller, S.A.",1874,no article title available,Cincinnati Quart.Jour.Sci.,Cincinnati Quart.Jour.Sci.,1,3,234,,, 
7601,"Buckman, S.S.",1888,no article title available,"Ammonites of the Inferior Oolite Series, pt.2","Ammonites of the Inferior Oolite Series, pt.2",,,35,53,, 
7892,"Bowen, Z.P.",1967,Brachiopoda of the Keyser Limestone (Silurian-Devonian) of Maryland and Adjacent Areas,GSA Memoir 102,GSA Memoir 102,,,63,64,, 
7167,"Burbank, L.S.",1871,no article title available,Boston Soc.Nat.Hist.Proc.,Boston Soc.Nat.Hist.Proc.,14,,196,197,, 
8145,"Brower, J.C.",1965,no article title available,"Jour.Paleontology,","Jour.Paleontology,",39,5,786,787,, 
9294,"Gould, S.J.",1969,An evolutionary microcosm: Pleistocene and recent history of the land snail <i>P</i>. (<i>Poecilozonites</i>) in Bermuda,Harvard Univ. Mus. Comp. Zoology Bull.,Harvard Univ. Mus. Comp. Zoology Bull.,138,7,471,,, 
6164,"Meek, F.B.",1864,no article title available,"Geological Survey of CA,Paleo.,","Geological Survey of CA,Paleo.,",1,,46,,, 
10407,[no agent data],,Invertebrate Paleontology Citations Placeholder Book,,,,,,,, 
9365,"Turek, V.",2008,no article title available,Czech Bulletin of Geosciences,Czech Bulletin of Geosciences,83,2,145,,, 
6570,"Phleger, F.B.",1937,New Lichadacea in the collections of the Museum of Comparative Zoology,Harvard Univ.Mus.Comp.Zoology Bull.,Harvard Univ.Mus.Comp.Zoology Bull.,80,11,416,417,, 
7753,"Bjork, P., P. Goldberg and Kesling, R.",1968,no article title available,Michigan Univ.Mus.Paleontology Contr.,Michigan Univ.Mus.Paleontology Contr.,22,4,55,,, 
5726,"Desor, E.",1858,no article title available,Synopsis des Echinides Fossiles,Synopsis des Echinides Fossiles,,,5,,, 
1267,"Stephenson, L.W.",1936,"Geology and Paleontology of the Georges Bank Canyons, Part II. Upper Cretaceous Fossils from Georges Bank (Including Specimens from Banquereau, Nova Scotia)","Geol.Soc.Amer.Bull. 47,","Geol.Soc.Amer.Bull. 47,",3,3,383,,, 
4862,"Clark,T.H.",1923,no article title available,Bost.Soc.Nat.Hist.Proc.,Bost.Soc.Nat.Hist.Proc.,36,8,482,483,, 
5802,Landing,1988,no article title available,Jour.Paleontology,Jour.Paleontology,62,5,673,675,, 
1838,"Raymond, P.E. and V.J. Okulitch",1940,Some Chazyan sponges,Harvard Univ.Mus.Comp.Zoology Bull.,Harvard Univ.Mus.Comp.Zoology Bull.,86,5,202,203,, 
3363,"Parsley, R.L.",1990,no article title available,"Jour. Paleontology,","Jour. Paleontology,",64,2,282,6,, 
4360,"Gahn, F.J. and Kammer, T.W.",2002,no article title available,Jour.Paleontology,Jour.Paleontology,76,1,123,1,, 
4802,"Petuch, E.J.",1987,no article title available,Nautilus,Nautilus,101,4,201,204,, 
4464,"Shaw, F.C.",1995,"Ordovician Trinucleid Trilobites of the Prague Basin, Czech Republic","Jour.Paleontology Mem.40,","Jour.Paleontology Mem.40,",69,3,11,,, 
1292,"Harris, R.W., C.E. Decker and Merritt,C.",1931,no article title available,Oklahoma Geol.Survey Bull.,Oklahoma Geol.Survey Bull.,55,55,88,89,, 
1362,"Congreve, C.R. and Lieberman, B.S.",2010,no article title available,"JOUR.PALEONTOLOGY,","JOUR.PALEONTOLOGY,",84,1,128,,, 
1300,"Stimpson, W.",1863,no article title available,Boston Soc.Nat.Hist.Jour.,Boston Soc.Nat.Hist.Jour.,7,4,583,589,, 
1439,"Walcott, C.D.",1912,no article title available,Smithsonian Misc.Colln.,Smithsonian Misc.Colln.,57,9,252,270,, 
1345,"Allmon, W.D.",2005,no article title available,Jour. Paleontology,Jour. Paleontology,79,6,1234,,, 
1743,"Muir-Wood, H. and Cooper, G.A.",1960,"Morphology, Classification and Life Habits of the Productoidea (Brachiopoda)",G.S.A. Memoir 81,G.S.A. Memoir 81,,,362,5,, 
1756,"Packard, A.S.",1900,no article title available,Proc.Amer.Acad.Arts and Sci.,Proc.Amer.Acad.Arts and Sci.,36,1,3,,, 
2682,"Woodward, H.B.",1863,no article title available,Geol.Soc.London Quart.Journal,Geol.Soc.London Quart.Journal,19,19,318,,, 
4099,"Rogers, W.B. and Rogers, H.B.",1839,no article title available,Am.Philos.Soc.Trans.,Am.Philos.Soc.Trans.,6,14,,,, 
4102,"Hoare, R.D.",2002,no article title available,Jour.Paleontology,Jour.Paleontology,76,1,95,1,, 
4330,"Vaughan, T.W.",1900,no article title available,U.S.Geol.Survey Mon.,U.S.Geol.Survey Mon.,39,,178,179,, 
1192,"Jones, T.R.",1858,Notes on the Palaeozoic Bivalved Entomostraca No. IV. Some North American species,"Annals and Mag.Nat.Hist. ser.3,","Annals and Mag.Nat.Hist. ser.3,",1,4,251,,, 
2624,"Foerste, A.F.",1888,no article title available,Denison Univ.Bull,Denison Univ.Bull,3,,120,,, 
1859,"Bodenbender, B.E.",1996,no article title available,"Jour. Paleontology,","Jour. Paleontology,",70,3,469,,, 
2800,William More Gabb,1869,Cretaceous and Tertiary Fossils,"Geological Survey of CA: Paleontology,","Geological Survey of CA: Paleontology,",2,,139,40,, 
9132,"Croneis, C.",1926,New Cephalopods from the Fayetteville shale ,Harvard Univ.Mus.Comp.Zoology Bull.,Harvard Univ.Mus.Comp.Zoology Bull.,67,10,347,,, 
6363,"Foerste, A.F. and Savage, T.F.",1927,no article title available,Denison Univ.Sci.Lab.Jour.,Denison Univ.Sci.Lab.Jour.,22,1,85,,, 
6901,"Boucot, A.J.",1963,no article title available,Palaeontology,Palaeontology,5,4,685,,, 
6452,"Resser, C.E.",1935,no article title available,Smithsonian Misc.Colln.,Smithsonian Misc.Colln.,93,5,19,,, 
7893,"Bowen, Z.P.",1966,"Boucotella, a new Silurian rhynchonelloid brachiopod genus","J. of Paleontology,","J. of Paleontology,",40,1,186,188,, 
7944,"Walcott, C.D.",1910,no article title available,Smithsonian Misc.Colln.,Smithsonian Misc.Colln.,53,6,284,,, 
9221,"Klipstein, A.",1843,no article title available,Beitrage zur Geologischen kenntniss der ostlichen Alpen,Beitrage zur Geologischen kenntniss der ostlichen,,,121,,, 
1213,"Oliver, W. A. Jr.",1958,no article title available,Jour.Paleontology,Jour.Paleontology,32,5,822,823,, 
2038,"Raymond, P.E.",1922,no article title available,Am.Jour.Sci.,Am.Jour.Sci.,4,,461,464,, 
2043,"Olsson, A.",1912,no article title available,Amer.Jour.Sci.,Amer.Jour.Sci.,33,197,442,443,, 
3238,"Miller, S.A. and C.B. Dyer",1878,no article title available,"Contributions to Palaeontology,","Contributions to Palaeontology,",2,2,9,,, 
5864,"Gould, S.J. and Robinson, B.",1994,no article title available,"Paleobiology,","Paleobiology,",20,3,374,,, 
1284,"Raymond, P.E.",1937,no article title available,Geol.Soc.Amer.Bull,Geol.Soc.Amer.Bull,48,8,1128,,, 
14522,"Kummel, B.",1963,Miscellaneous nautilid type species of Alpheus Hyatt,,,,,,,, 
3124,"DeMott, L.L.",1987,Platteville and Decorah trilobites from Illinois and Wisconsin,Minnesota Geol.Survey Report of Invest. 35,Minnesota Geol.Survey Report of Invest. 35,,,72,73,, 
1293,"Harris, R.W.",1957,no article title available,Oklahoma Geol.Survey Bull.,Oklahoma Geol.Survey Bull.,75,75,152,,, 
6047,"Kjellesvig-Waering, E.N.",1964,no article title available,"J. of Paleontology,","J. of Paleontology,",38,2,355,,, 
3295,"Sprinkle, J.T. and R.C. Gutschick",1967,no article title available,Jour.Paleontology,Jour.Paleontology,41,2,390,398,, 
2366,"Erben, H.K.",1967,no article title available,Neus Jahrb.Geologie U.Palaontologie Abh.,Neus Jahrb.Geologie U.Palaontologie Abh.,129,1,19,20,, 
3554,"Raymond, P.E.",1928,no article title available,Am.Jour.Sci.,Am.Jour.Sci.,5,,311,312,, 
1168,"Bowsher, A.L.",1955,Echinodermata,"Kansas Univ.Paleont.Contr.Articles: Echinodermata,Art.1",Kansas Univ.Paleont.Contr.Articles: Echinodermata,,,12,,, 
882,"Thomas, R.D.",1976,no article title available,Paleobiology,Paleobiology,2,1,67,,, 
897,"Hauser, J.",2001,no article title available,Neubeschreibung mitteldevonischer Eifel-Crinoiden aus der Sammlung Schultze,Neubeschreibung mitteldevonischer Eifel-Crinoiden,,,53,,, 
3967,T.T. Bouvé,1851,no article title available,Proc.Boston Soc.Nat.Hist.,Proc.Boston Soc.Nat.Hist.,4,,3,,, 
1767,"Okulitch, V.J.",1943,no article title available,Geol.Soc.Amer.Spec.Paper,Geol.Soc.Amer.Spec.Paper,48,48,74,75,, 
3243,"Foerste, A.F.",1924,no article title available,Denison Univ.Sci.Lab.Jour.,Denison Univ.Sci.Lab.Jour.,20,10,228,231,, 
5475,"Silberling, N.J. and Nichols, K.M.",1982,no article title available,U.S.Geol.Survey Prof.Paper 1207,U.S.Geol.Survey Prof.Paper 1207,,,42,43,, 
1078,"Whittington, H.B.",1957,no article title available,Jour.Paleontology,Jour.Paleontology,31,5,937,,, 
4101,"Runnegar, B.",1972,no article title available,Malacological Soc.London. Proc.,Malacological Soc.London. Proc.,40,1,55,,, 
1200,"Shaw, A.B.",1955,no article title available,Jour.Paleontology,Jour.Paleontology,29,5,777,,, 
2614,"Whittington, H.B.",1952,A unique remopleuridid trilobite,Harvard Univ.Mus.Comp.Zoology Breviora,Harvard Univ.Mus.Comp.Zoology Breviora,4,,3,9,, 
1421,"DeKoninck, L.G.",1878,no article title available,Faune de Calcaire Carbon. de la Belgique,Faune de Calcaire Carbon. de la Belgique,,,105,6,, 
2656,"Schram, F., Feldmann, R.M. and Copeland",1978,no article title available,Jour.Paleontology,Jour.Paleontology,52,6,1376,,, 
2674,"Meyer, H.von",1862,no article title available,Palaeontographica,Palaeontographica,10,,153,154,, 
2726,"Cisne, J.L.",1967,no article title available,Jour. Paleontology,Jour. Paleontology,41,5,1270,,, 
1942,"Macurda, D.B.",1968,no article title available,Jour.Paleontology Suppl.,Jour.Paleontology Suppl.,2,2,115,,, 
1958,"Phillips, J.",1835,no article title available,"Illustrations of the Geology of Yorkshire, Part 1","Illustrations of the Geology of Yorkshire, Part 1",,,115,117,, 
8020,"Briggs, D.E.",1978,no article title available,"Philos. Trans.,","Philos. Trans.,",281,984,,,, 
14436,Raymond P.E.,1946,The genera of fossil <i>Conchostraca</i> - an order of bivalved Crustacea,,,,,,,, 
8192,"Kobayashi, T.",1943,no article title available,Tokyo Imperial Acad. Proc.,Tokyo Imperial Acad. Proc.,19,,38,,, 
6188,"Whittington, H.B.",1961,no article title available,Jour.Paleontology,Jour.Paleontology,35,5,916,,, 
6324,"Flower, R.H.",1975,no article title available,"Bulls.Am.Paleontology,","Bulls.Am.Paleontology,",67,287,162,164,, 
6962,"Kummel, B.",1965,no article title available,"New Zealand Journal of Geology+Geophysics,","New Zealand Journal of Geology+Geophysics,",8,3,538,,, 
9288,"Lane, P.D.",2002,no article title available,Palaeontology Spec. Paper,Palaeontology Spec. Paper,67,,158,4,, 
7968,William More Gabb,1860,no article title available,Jour.Acad.Nat.Sci.(2),Jour.Acad.Nat.Sci.(2),4,,395,,, 
5732,"Agassiz, L. and Desor, E.",1847,no article title available,Cat. Raisonne de la Classe des Echinodermes,Cat. Raisonne de la Classe des Echinodermes,,,35,,, 
5799,"Agassiz, A.E. and L.F. de Pourtales",1874,"Illustrated Catalogue of the Museum of Comparative Zoology. No. VIII. Zoological Results of the Hassler Expedition. I. Echini, crinoids, and corals.",Harvard Univ.Mus.Comp.Zoology Mem.,Harvard Univ.Mus.Comp.Zoology Mem.,4,8,13,,, 
4655,Joachim Barrande,1865,no article title available,"Systeme Silurien du Centre de la Boheme,v.II 1865 and v.II,pt.I, 1867","Systeme Silurien du Centre de la Boheme,v.II 1865",,,93,94,, 
4789,"Newton, H.",1880,no article title available,Report on the Geology and Resources of the Black Hills of Dakota,Report on the Geology and Resources of the Black ,,,440,,, 
3357,"Oliver, W. A. Jr., W. J. Sando, S. D. Cairns, A. G. Coates, F.M. Bayer, J. E. Sorauf and W. A. Oliver Jr.",1984,"<i>Conchopeltis</i>: Its Affinities and Significance in Recent Advances <i>in</i> the Paleobiology and Geology of the Cnidaria. <i>Proceedings of the Fourth International Symposium on Fossil Cnidaria held in Washington, DC, U.S.A., August, 1983</i>",Palaeontographica Americana,Palaeontographica Americana,54,54,141,,, 
2262,"Whittington, H.B.",1968,no article title available,Jour.Paleontology,Jour.Paleontology,42,3,708,,, 
2181,"Moore, R.C., ed.",1960,no article title available,Treatise on Invertebrate Paleontology,Treatise on Invertebrate Paleontology,,,,,, 
863,"Gould, S.J. and Woodruff, D.S.",1986,no article title available,Am. Mus. Nat. History Bull.,Am. Mus. Nat. History Bull.,182,4,482,483,, 
1348,"Shaw, F.C.",1968,no article title available,New York State Mus. and Sci. Service Mem. 17,New York State Mus. and Sci. Service Mem. 17,,,31,32,, 
1147,"Wachsmuth, C. and Frank Springer",1897,The North American Crinoidea camerata. Volume II.,Harvard Univ.Mus.Comp.Zoology Mem.,Harvard Univ.Mus.Comp.Zoology Mem.,21,,674,,, 
1759,"Scudder, S. H.",1882,no article title available,Boston Soc.Nat.Hist.Mem.,Boston Soc.Nat.Hist.Mem.,3,5,160,7,, 
1778,"Dawson, J.W.",1868,no article title available,Acadian Geology 2nd ed.,Acadian Geology 2nd ed.,,,496,,, 
3119,"Foord, A.H.",1900,"The Carboniferous Cephalopoda of Ireland, Part 3",Palaeontological Soc. London Mon.,Palaeontological Soc. London Mon.,54,,99,100,, 
1080,"Raymond, P.E.",1914,Notes on the ontogeny of <i>Isolelus gigas</i> Dekay,Harvard Univ.Mus.Comp.Zoology Bull.,Harvard Univ.Mus.Comp.Zoology Bull.,58,5,260,261,, 
4146,"Flower, R.H.",1968,no article title available,"New Mexico Bur.Mines and Mineral Resources Mem.19,Part II",New Mexico Bur.Mines and Mineral Resources Mem.19,,,42,7,, 
4192,"Hoare, R.D.",2002,no article title available,Jour.Paleontology,Jour.Paleontology,76,3,570,1,, 
4334,"Blake, D.B. and Guensburg, T.E.",1993,no article title available,Jour. Paleontology,Jour. Paleontology,67,1,111,112,, 
3716,"Fletcher, T.P. and Theokritoff, G.",2008,no article title available,Northeastern Geo. Env. Sci.,Northeastern Geo. Env. Sci.,30,4,312,,, 
1282,"Walcott, C.D.",1884,Description of New Species of Fossils from the Trenton Group of New York.,New York State Mus.Nat.Hist. 35th Ann.Rept.,New York State Mus.Nat.Hist. 35th Ann.Rept.,,,213,,, 
2814,"Okulitch, V.J. and Albritton, C.C.",1937,no article title available,Jour.Paleontology,Jour.Paleontology,11,1,24,,, 
4664,"Clench, W.J. and C.G. Aguayo y Castro",1939,no article title available,Mem.Soc.Cubana de Hist.Nat.,Mem.Soc.Cubana de Hist.Nat.,13,5,357,358,, 
4669,"Raymond, P.E.",1924,no article title available,Fourteenth Biennial Rpt. Vermont State Geol.,Fourteenth Biennial Rpt. Vermont State Geol.,,,1,5,, 
4718,"Clark, T.H.",1922,no article title available,Am.Jour.Sci.,Am.Jour.Sci.,4,21,245,248,, 
8327,"Martens, T.",1986,"Zur Taxonomie und Biostratigraphie der Conchostraca (Phyllopoda, Crustacea) des Oberkarbon und Perm der USA. Teil 2","Abh.Ber.Mus.Nat.Gotha,Nr.13","Abh.Ber.Mus.Nat.Gotha,Nr.13",,,56,,, 
7178,"Ross, J.P.",1967,no article title available,Jour.Paleontology,Jour.Paleontology,41,3,641,644,, 
6746,"Hyatt, A.",1900,no article title available,"Cephalopoda, Zittle-Eastman Textbook Palaeontology","Cephalopoda, Zittle-Eastman Textbook Palaeontolog",,,526,,, 
6869,"Baumiller, T. K. and Macurda, Jr., D.B.",1995,no article title available,"J. of Paleontology,","J. of Paleontology,",69,6,1084,86,, 
8957,"Meek, F.B. and A.H. Worthen",1866,no article title available,Illinois Geo.Survey Rept.,Illinois Geo.Survey Rept.,2,,238,,, 
8840,"Holloway, D. J.",2007,"The trilobite Protostygina and the composition of the Styginidae, with two new genera.",Palaeont.  Zeitschr.,Palaeont.  Zeitschr.,81,1,7,,, 
9346,"Gould, S.J.",1971,no article title available,Jour. Paleontology,Jour. Paleontology,45,3,417,,, 
9482,"Grabau, A. W.",1899,no article title available,"Buffalo Soc.Nat.Sci.Bull,","Buffalo Soc.Nat.Sci.Bull,",6,2,124,,, 
1025,"Meek, F.B. and A.H. Worthen",1869,no article title available,Acad.Nat.Sci.Philadelphia Proc.,Acad.Nat.Sci.Philadelphia Proc.,,,139,,, 
1893,"Billings, M. and Cleaves, A.",1934,no article title available,Am.Jour.Sci.,Am.Jour.Sci.,28,5,422,,, 
4753,"Shimer, H.W. and Blodgett, M.E.",1908,no article title available,Am.Jour.Sci.,Am.Jour.Sci.,25,,64,65,, 
5883,"Ludvigsen, R.",1977,no article title available,Jour.Paleontology,Jour.Paleontology,51,5,965,966,, 
2471,"Raymond, P.E.",1916,"New and old Silurian trilobites from southeastern Wisconsin, with notes on the genera of the lllaenidae",Harvard Univ.Mus.Comp.Zoology Bull,Harvard Univ.Mus.Comp.Zoology Bull,60,1,27,,, 
2142,"Matsumoto, T.",1959,no article title available,"Mem. of the Faculty of Science, Kysushu Univ.,Series D: Geology, Spec. Vol. I","Mem. of the Faculty of Science, Kysushu Univ.,Ser",,,47,52,, 
2317,"Shaw, A.B.",1962,no article title available,Jour.Paleontology,Jour.Paleontology,36,2,315,,, 
1100,"Cooper, B.N.",1953,Trilobites from the Lower Champlainian Formations of the Appalachian Valley,Geol.Soc.Amer.Mem. 55,Geol.Soc.Amer.Mem. 55,,,21,,, 
3797,"Buckman, S.S.",1898,no article title available,"Ammonites of the Inferior Oolite Series, pt.10,supp.","Ammonites of the Inferior Oolite Series, pt.10,su",,,19,6,, 
5015,"Kier, P.M.",1984,no article title available,Smithsonian Contr.Paleobiology,Smithsonian Contr.Paleobiology,55,55,68,10,, 
1494,"Briggs, D.E.",1976,no article title available,"Canada Geol. Survey Bull.,","Canada Geol. Survey Bull.,",264,264,6,6,, 
5168,"Ludvigsen, R.",1986,no article title available,Jour. Paleontology,Jour. Paleontology,60,,64,1,, 
3969,"Hall, J.",1859,no article title available,Iowa Geol.Survey Rept.Suppl.to,Iowa Geol.Survey Rept.Suppl.to,1,,83,,, 
1757,"Scudder, S. H.",1890,no article title available,Boston Soc.Nat.Hist.Mem.,Boston Soc.Nat.Hist.Mem.,4,9,435,436,, 
3141,"Whittington, H.B.",1953,no article title available,Jour.Paleontology,Jour.Paleontology,27,5,654,,, 
3253,"Whittard, W.F.",1955,"The Ordovician trilobites of the Shelve Inlier, West Shropshire, Part I",Palaeontographical Soc.London,Palaeontographical Soc.London,109,,10,,, 
5591,"Hitchcock, E.",1858,no article title available,Ichnology of New England,Ichnology of New England,,,163,,, 
5605,"Kindle, C.H. and H.B. Whittington",1965,New Cambrian and Ordovician Fossil Localities In Western Newfoundland,Geol. Soc. Amer. Bull.,Geol. Soc. Amer. Bull.,76,6,686,,, 
1118,"Springer, F.",1911,Some new American fossil crinoids.,Harvard Univ.Mus.Comp.Zoology Mem.,Harvard Univ.Mus.Comp.Zoology Mem.,25,3,151,,, 
1122,"DeKoninck, L. and LeHon, H.",1854,no article title available,Recherches Crinoides Carb.de Belgique,Recherches Crinoides Carb.de Belgique,,,82,,, 
4093,"Newell, N.D. and Boyd, D.W.",1970,no article title available,Am.Mus.Nat.History Bull.,Am.Mus.Nat.History Bull.,143,4,253,,, 
4270,"Rogers, W.B. and H.D. Rogers",1839,"Contributions to the geology of the tertiary formations of Virginia.--Second Series--Continued: Being a description of several species of Meiocene and Eocene shells, not before described","Am.Philos.Soc.Trans.,Ser.2","Am.Philos.Soc.Trans.,Ser.2",6,,372,,, 
4315,"Smith, J.T.",1991,no article title available,U.S. Geol.Survey Prof.Paper,U.S. Geol.Survey Prof.Paper,1391,1391,75,,, 
4327,"Oliver, W.A.",1975,no article title available,U.S.Geol.Survey Prof. Paper 743-D,U.S.Geol.Survey Prof. Paper 743-D,,,,4,, 
2684,"Haynes, W.P.",1916,"The fauna of the Upper Devonian in Montana. Part 2. The stratigraphy of the Brachiopoda
",Carnegie Mus.Annals,Carnegie Mus.Annals,10,,36,38,, 
2617,"Foerste, A.F.",1886,no article title available,Geo.Nat.Hist.Survey Minnesota 15th Annual Report,Geo.Nat.Hist.Survey Minnesota 15th Annual Report,,,480,,, 
2621,"Raymond, P.E.",1924,no article title available,Proc.Boston Soc.Nat.Hist.,Proc.Boston Soc.Nat.Hist.,37,4,,,, 
2639,"Schevill, W.E.",1950,no article title available,"J. of Paleontology,","J. of Paleontology,",24,1,99,101,, 
5677,"Johnson, J.G.",1966,no article title available,Paleontology,Paleontology,9,,365,,, 
2708,"Raymond, P.E.",1921,no article title available,"Canada Geol.Survey,Mus.Bull.","Canada Geol.Survey,Mus.Bull.",31,31,14,,, 
4672,"Vaughan, W.T. and T.W. Vaughn",1899,The geology and physical geography of Jamaica: a study of a type of Antillean development,Harvard Univ.Mus.Comp.Zool.Bull.,Harvard Univ.Mus.Comp.Zool.Bull.,34,2,236,237,, 
1489,"Thomas, R.D.",1975,no article title available,Paleontology,Paleontology,18,,218,5,, 
7548,"Butterfield, N.J.",1990,no article title available,"Paleobiology,","Paleobiology,",16,3,278,,, 
7418,"Kier, P.M.",1958,no article title available,Smithsonian Misc.Colln.,Smithsonian Misc.Colln.,135,9,11,,, 
6659,"Jackson, R.T.",1922,no article title available,Carnegie Inst.Washington Pub.,Carnegie Inst.Washington Pub.,306,306,,,, 
7546,"Conway Morris, S. et al",1982,no article title available,Atlas of the Burgess Shale,Atlas of the Burgess Shale,,,27,,, 
7280,"Clark, H.L.",1923,Two new genera of sea urchins,Harvard Univ.Mus.Comp.Zoology Bull.,Harvard Univ.Mus.Comp.Zoology Bull.,65,10,346,348,, 
7303,"Rudkin, D.M. and Tripp, R.P.",1989,no article title available,Royal Ontario Mus.Life Sci.Contr. 152,Royal Ontario Mus.Life Sci.Contr. 152,,,5,1,, 
7165,"Phleger, F.B.",1936,no article title available,Southern California Acad.Sci.Bull.,Southern California Acad.Sci.Bull.,35,,82,,, 
8093,"Haugh, B.N.",1975,no article title available,"Paleobiology,","Paleobiology,",1,3,261,272,, 
8150,"Briggs, D.E.",1992,no article title available,"Acta Zoologica,","Acta Zoologica,",73,,296,,, 
9252,"Thomas, R.D.",1976,no article title available,Jour. Paleontology,Jour. Paleontology,50,,488,,, 
11267,"Miller, S.A.",1875,Some Remarks on Plumulites jamesi of Hall and Whitfield.,,,,,,,, 
2852,"Jackson, R.T.",1912,"Phylogeny of the Echini, with a Revision of Palaeozoic Species",Boston Soc.Nat.Hist.Mem.,Boston Soc.Nat.Hist.Mem.,7,,456,,, 
1959,"D'Orbigny, A.",1854,no article title available,"Paleontologie Francaise,","Paleontologie Francaise,",6,,250,9,, 
4866,"Miller, S.A.",1875,no article title available,Cincinnati Quart.Jour.Sci.,Cincinnati Quart.Jour.Sci.,2,1,13,,, 
5040,"Kier, P.M.",1967,no article title available,Smithsonian Misc.Colln.,Smithsonian Misc.Colln.,152,2,63,,, 
2143,"Anderson, F.M.",1958,Upper Cretaceous of the Pacific Coast,GSA Memoir 71,GSA Memoir 71,,,226,,, 
3642,"Katz, S.G.",1978,no article title available,Jour. Paleontology,Jour. Paleontology,52,3,681,,, 
3837,"Walcott, C.D.",1884,no article title available,New York State Mus.Ann.Rept.,New York State Mus.Ann.Rept.,35,35,212,,, 
1156,"Hall, J.",1861,no article title available,Boston Soc.Nat.Hist.Jour.,Boston Soc.Nat.Hist.Jour.,7,2,271,,, 
3917,"Kummel, B.",1961,The Spitsbergen arctoceratids,"Bull. of the MCZ,","Bull. of the MCZ,",123,9,511,512,, 
4816,"Petuch, E.J.",1988,no article title available,Field Guide to the Ecphoras,Field Guide to the Ecphoras,,,67,,, 
874,"Rudwick, M.J.S.",1964,no article title available,Palaeontology,Palaeontology,7,,135,,, 
4996,"Kobayashi, T.",1937,no article title available,Japanese Jour.Geology and Geography,Japanese Jour.Geology and Geography,14,3,177,,, 
3558,"Whittington, H.B.",1966,"The Ordovician Trilobites of the Bala Area, Merioneth",Paleontographical Soc.London Mono. Part III,Paleontographical Soc.London Mono. Part III,120,,72,74,, 
14533,"Rolfe, W.D.I.",1963,"Catalogue of type specimens in the invertebrate paleontological collections of the Museum of Comparative Zoology Arthropoda (Trilobita, Arachnida and Insecta excluded)",,,,,,,, 
1735,"Whittington, H.B.",1941,no article title available,Jour. Paleontology,Jour. Paleontology,15,5,502,,, 
1860,"Hall, J.",1861,no article title available,Iowa Geol.Survey Bull.,Iowa Geol.Survey Bull.,,,1,,, 
1435,"Shaw, A.B.",1953,no article title available,Jour.Paleontology,Jour.Paleontology,27,1,141,,, 
5474,"Hyatt, A. and Smith, J.P.",1905,Triassic Cephalopod Genera of America,U.S.Geol.Survey Prof.Paper #40 Triassic Cephalopod Genera of America,U.S.Geol.Survey Prof.Paper #40 Triassic Cephalopo,,,87,267,, 
1084,"Whittington, H.B.",1965,"Trilobites of the Ordovician Table Head formation, western Newfoundland",Harvard Univ.Mus.Comp.Zoology Bull.,Harvard Univ.Mus.Comp.Zoology Bull.,132,4,326,,, 
4157,"Shimer, H.W.",1907,no article title available,Am.Jour.Sci.,Am.Jour.Sci.,23,135,199,200,, 
2582,"Brooks, H.K.",1962,no article title available,Bulls.Am.Paleontology,Bulls.Am.Paleontology,44,202,177,,, 
2625,"Rasetti, F.",1954,no article title available,Jour.Paleontology,Jour.Paleontology,28,5,583,,, 
3338,"Butterfield, N.J.",2002,no article title available,Paleobiology,Paleobiology,28,1,165,,, 
5727,"Agassiz, L.",1840,no article title available,Soc.Sci.Nat. Helvetica Mem.,Soc.Sci.Nat. Helvetica Mem.,3,2,58,,, 
5739,"Desor, E.",1842,no article title available,"Echinites, Monographie des Galerites","Echinites, Monographie des Galerites",,,22,7,, 
6339,"Foerste, A.F.",1928,no article title available,Denison Univ.Sci.Lab.Jour.,Denison Univ.Sci.Lab.Jour.,23,7,250,252,, 
6405,"Whittington, H.B.",1961,no article title available,Natural History Mag.,Natural History Mag.,70,7,12,,, 
7541,"Conway Morris, S.",1977,no article title available,"Palaeontology,","Palaeontology,",20,,624,25,, 
7568,"Conway Morris, S. and Peel, J.S.",1995,no article title available,Royal Soc. London Philos. Trans.,Royal Soc. London Philos. Trans.,347,1321,334,,, 
7176,"Ulrich, E.O.",1878,no article title available,Cincinnati Soc.Nat.Hist.Jour.,Cincinnati Soc.Nat.Hist.Jour.,1,2,90,,, 
7947,"Lieberman, B.S.",2001,no article title available,Jour. Paleontology,Jour. Paleontology,75,1,111,,, 
6176,"Shaw, A.B.",1952,no article title available,Jour.Paleontology,Jour.Paleontology,26,3,478,,, 
6308,"Stewart, R.",1930,Gabb's California Cretaceous and Tertiary Type Lamellibranchs,"Acad. Nat. Sciences Phila.,Special Publication,","Acad. Nat. Sciences Phila.,Special Publication,",3,3,174,5,, 
7256,"Ormiston, A.R.",1982,no article title available,Jour.Paleontology,Jour.Paleontology,56,5,1259,9,, 
7046,"Buckman, S.S.",1890,no article title available,"Ammonites of the Inferior Oolite Series,pt.4","Ammonites of the Inferior Oolite Series,pt.4",,,211,212,, 
8901,"Bronn, H.G.",1832,no article title available,"Neues Jahrbuch fur Mineralogie,Geognosie,Geologie und Petrefakten-Kunde (NEU5230.a)","Neues Jahrbuch fur Mineralogie,Geognosie,Geologie",,,163,4,, 
4867,"Hyatt, A.",1889,no article title available,Smithsonian Contr.Knowledge,Smithsonian Contr.Knowledge,26,673,153,30,, 
5096,"Schopf, K. and Morris, P.",1994,no article title available,Jour.Paleontology,Jour.Paleontology,68,1,48,,, 
894,"Schultze, L.",1866,no article title available,Monogr.Echin.Eifler Kalkes,Monogr.Echin.Eifler Kalkes,,,66,,, 
2148,"Kobayashi, T.",1935,no article title available,"Jour.Faculty Sci.Imp.Univ.Tokyo sec II,","Jour.Faculty Sci.Imp.Univ.Tokyo sec II,",4,,134,136,, 
2153,"Kummel, B.",1960,"Middle Triassic nautiloids from Sinai, Egypt and Israel",Harvard Univ.Mus.Comp.Zoology Bull.,Harvard Univ.Mus.Comp.Zoology Bull.,123,7,291,292,, 
3382,"Walcott, C.D.",1916,no article title available,"Smithsonian Misc. Collections,","Smithsonian Misc. Collections,",64,3,179,,, 
4363,"Clark, H.L.",1937,no article title available,Jour.Paleontology,Jour.Paleontology,11,3,248,249,, 
4836,"Malinky, J.M.",1988,no article title available,Jour.Paleontology,Jour.Paleontology,62,2,230,2,, 
2339,"Gass,K. et al.",1992,no article title available,Jour. Paleontology,Jour. Paleontology,66,1,82,,, 
2341,"Gass, K.",1999,no article title available,Jour.Paleontology,Jour.Paleontology,75,5,977,978,, 
888,"Bodenbender, B.E.",1995,no article title available,Michigan Univ. Mus. Paleontology Contr.,Michigan Univ. Mus. Paleontology Contr.,29,9,205,,, 
2727,"Clark, T.H.",1924,no article title available,Bulls.Am.Paleontology,Bulls.Am.Paleontology,10,41,5,,, 
909,"Walcott, C.D.",1921,no article title available,Smithsonian Misc.Colln.,Smithsonian Misc.Colln.,67,7,398,,, 
5138,"Rasetti, F.",1944,no article title available,Jour.Paleontology,Jour.Paleontology,18,3,234,,, 
1683,"White, C.A.",1862,no article title available,Boston Soc.Nat.Hist. Proc.,Boston Soc.Nat.Hist. Proc.,9,,8,,, 
3088,"Kennedy, W.J., R.A. Reyment, N. MacLeod and Kreiger",2009,Species discrimination in the ammonite genus <i>Knemiceras</i> Bohm,"PALAEONTOGRAPHICA,","PALAEONTOGRAPHICA,",290,,7,,, 
995,Frank Springer,1920,no article title available,"The Crinoidea Flexibilia, Smithsonian Inst.pub.2501","The Crinoidea Flexibilia, Smithsonian Inst.pub.25",,,453,,, 
5599,"Faul, H.",1949,no article title available,Nature,Nature,164,4157,32,,, 
1079,"Raymond, P.E.",1914,"Notes on the ontogeny of <i>Paradoxides</i>, with the description of a new species from Braintree, Mass.",Harvard Univ.Mus.Comp.Zoology Bull,Harvard Univ.Mus.Comp.Zoology Bull,58,4,229,,, 
1091,"Holliday, S.",1942,no article title available,Jour. Paleontology,Jour. Paleontology,16,4,473,,, 
1184,"Hall, J.",1858,no article title available,Iowa Geol.Survey Rept.,Iowa Geol.Survey Rept.,1,,621,,, 
4253,"Whittard, W.F.",1958,"The Ordovician Trilobites of the Shelve Inlier, West Shropshire, Part 3",Palaeontographical Soc.London Mono.Part III,Palaeontographical Soc.London Mono.Part III,,,104,108,, 
4324,"Okulitch, V.J.",1936,no article title available,Royal Soc.Canada Trans. 3rd ser.,Royal Soc.Canada Trans. 3rd ser.,30,,65,67,, 
5644,"Haynes, W.P.",1913,no article title available,Science,Science,37,944,10,,, 
2489,"Whittington, H.B.",1957,no article title available,Biological Reviews,Biological Reviews,32,4,437,,, 
5664,"Sutherl, , P.K. and Harlow, F.H.",1973,no article title available,New Mexico Bur.Mines and Mineral Resources Mem. 27,New Mexico Bur.Mines and Mineral Resources Mem. 2,,,82,84,, 
1424,"Miller A.K. and Kemp, A.H.",1947,no article title available,Jour. Paleontology,Jour. Paleontology,21,4,351,,, 
2672,"Meyer, H.von",1847,no article title available,Palaeontographica,Palaeontographica,1,,141,144,, 
4631,"Stewart, R.",1927,no article title available,"Proc. Acad. Nat. Sciences Phila.,","Proc. Acad. Nat. Sciences Phila.,",78,,343,,, 
4653,"Meek, F.B.",1872,no article title available,Proc.Acad.Nat.Sci. Philadelphia 1871,Proc.Acad.Nat.Sci. Philadelphia 1871,,,330,331,, 
1891,"Billings, M. and Cleaves, A.",1935,no article title available,Am.Jour.Sci.,Am.Jour.Sci.,30,,531,532,, 
14249,Raymond P.E.,1935,Leanchoilia and other mid-Cambarian arthropoda,,,,,,,, 
7144,"Schuchert, C.",1915,no article title available,U.S.Natl.Mus.Bull.,U.S.Natl.Mus.Bull.,88,88,272,,, 
7157,"Briggs, D.E. and W.D.I. Rolfe",1983,no article title available,Palaeontology Spec.Paper,Palaeontology Spec.Paper,30,30,268,,, 
9224,"Copper, P.",1996,no article title available,"Jour. Paleontology,","Jour. Paleontology,",70,,595,,, 
9283,"Brower, J.C.",2006,no article title available,Jour. Paleontology,Jour. Paleontology,80,3,432,433,, 
6395,"Runnegar, B.",1974,no article title available,Am.Mus.Novitates,Am.Mus.Novitates,2533,2533,7,9,, 
7252,"Billings, E.",1859,no article title available,"Canadian Jour. n.s.,","Canadian Jour. n.s.,",4,20,119,,, 
8233,"Kummel, B.",1960,no article title available,"J. of Paleontology,","J. of Paleontology,",34,4,692,3,, 
9443,"Budil, P., Thomas, A.T. and Horbinger,F.",2008,no article title available,"Bull.Geosci.Czech Geol.Survey,","Bull.Geosci.Czech Geol.Survey,",83,1,6,,, 
7077,"Galloway, J.J. and Kaska, H.V.",1957,Genus Pentremites and its Species,GSA Memoir 69,GSA Memoir 69,,,47,48,, 
6866,"Rigby, J.K.",1967,no article title available,"J. of Paleontology,","J. of Paleontology,",41,2,511,514,, 
8962,"Miller, S.A.",1879,no article title available,Cincinnati Soc.Nat.Hist.Jour.,Cincinnati Soc.Nat.Hist.Jour.,2,2,109,,, 
7971,"Furnish, W.M. and Glenister, B.F.",1964,no article title available,"Treatise on Invertebrate Paleontology,pt.K,","Treatise on Invertebrate Paleontology,pt.K,",3,3,,,, 
9281,"Hudson, G.H.",1917,no article title available,New York State Mus. Bull.,New York State Mus. Bull.,,,162,,, 
8700,"Brower, J.C.",1965,no article title available,"Jour.Paleontology,","Jour.Paleontology,",41,3,675,676,, 
1496,"Davis, W.J.",1887,no article title available,Kentucky Geol.Survey Mon. pt.2,Kentucky Geol.Survey Mon. pt.2,,,,,, 
1276,"Geinitz, H.B.",1866,no article title available,Nova Acta K.Leop.Car.Deutsch Akad,Nova Acta K.Leop.Car.Deutsch Akad,33,,2,,, 
3355,"Brookes, J.B.",1937,no article title available,Jour.Paleontology,Jour.Paleontology,11,3,186,,, 
4357,"D'Orbigny, A.D.",1840,no article title available,Hist.Nat.des Crinoides,Hist.Nat.des Crinoides,,,74,,, 
1110,"Shaw, A.B.",1950,no article title available,Jour.Paleontology,Jour.Paleontology,24,5,579,,, 
2283,"Young, K.",1966,Texas Mojsisovicziinae (Ammonoidea) and the Zonation of the Fredericksburg,GSA Memoir 100,GSA Memoir 100,,,88,9,, 
2343,"Rasetti,F. and Theokritof, G.",1967,no article title available,Jour. Paleontology,Jour. Paleontology,41,1,194,3,, 
2641,"Bradley, J.H.",1925,no article title available,Canadian Field Naturalist,Canadian Field Naturalist,39,1,8,,, 
2365,"Whittington, H.B.",1956,Silicified Middle Ordovician trilobites: The Odontopleuridae,Harvard Univ.Mus.Comp.Zoology Bull,Harvard Univ.Mus.Comp.Zoology Bull,114,5,279,282,, 
5142,"Ludvigsen, R., et al",1989,no article title available,Palaeontographica Canadiana,Palaeontographica Canadiana,6,6,12,13,, 
3086,"Hyatt, A.",1903,no article title available,"Monographs of the USGS,","Monographs of the USGS,",44,,146,9,, 
4082,"Cisne, J.L.",1981,"Triarthrus eatoni (Trilobita): Anatomy of its exoskeletal, skeletomuscular, and digestive systems",Palaeontographica Americana,Palaeontographica Americana,9,53,101,,, 
4135,"Smith, M.",1937,no article title available,"Nautilus,","Nautilus,",51,3,89,,, 
2595,"Walcott, C.D.",1912,no article title available,U.S.Geol.Survey Mon.,U.S.Geol.Survey Mon.,51,,645,,, 
3723,"Clark, T.H.",1923,no article title available,Boston Soc. Nat. Hist. Proc.,Boston Soc. Nat. Hist. Proc.,36,8,478,1,, 
1277,"Lalicker, C.G.",1935,no article title available,Jour.Paleontology,Jour.Paleontology,9,8,744,745,, 
2870,"Berry, W.B.N.",1960,no article title available,Univ.Texas Pub.6005,Univ.Texas Pub.6005,,,,,, 
2873,"Kirk, E.",1942,no article title available,Jour.Paleontology,Jour.Paleontology,16,3,383,,, 
6654,"Cutress, B.M.",1980,no article title available,Bulls.Am.Paleontology,Bulls.Am.Paleontology,77,309,116,120,, 
7322,"Whittington, H.B.",1949,no article title available,Am.Jour.Sci.,Am.Jour.Sci.,247,,278,,, 
6154,"Smith, J.P.",1903,no article title available,"Monographs of the USGS,","Monographs of the USGS,",42,,126,7,, 
6862,"Whittington, H.B.",1997,no article title available,Jour. Paleontology,Jour. Paleontology,71,5,891,,, 
8933,"Kummel, B.",1970,no article title available,Univ of KS:Dept of Geology:Special Pub 4,Univ of KS:Dept of Geology:Special Pub 4,,,185,89,, 
8947,"Goldfuss, G.A.",1833,no article title available,"Petrefacta Germaniae,","Petrefacta Germaniae,",1,,181,,, 
8949,"Goldfuss, G.A.",1838,no article title available,Nova.Act.Ac.Leop.,Nova.Act.Ac.Leop.,19,,343,,, 
9038,"Wood, E.",1901,no article title available,Am.Jour.Sci.,Am.Jour.Sci.,12,,297,,, 
7757,"Hudson, H.G.",1916,no article title available,New York State Mus. Bull.,New York State Mus. Bull.,,,121,6,, 
8697,"Gordon, C.M.",1991,no article title available,Jour.Geol.Soc.Jamaica,Jour.Geol.Soc.Jamaica,28,,39,,, 
4695,"Shaw, F. C.",2000,no article title available,Bulletin Czech Geol. Survey,Bulletin Czech Geol. Survey,4,4,381,,, 
5873,"Evitt, W.R.",1953,no article title available,Jour.Paleontology,Jour.Paleontology,27,1,35,,, 
5882,"Barton, D.C.",1913,"A new genus of the Cheiruridae, with descriptions of some new species",Harvard Univ.Mus.Comp.Zoology Bull.,Harvard Univ.Mus.Comp.Zoology Bull.,54,21,550,551,, 
1823,"Whittington, H.B.",1956,no article title available,Jour. Paleontology,Jour. Paleontology,30,1,106,107,, 
2151,"Campbell, K.S.W.",1967,Trilobites of the Henryhouse Formation (Silurian) in Oklahoma,Oklahoma Geol.Survey Bull 115,Oklahoma Geol.Survey Bull 115,,,41,42,, 
3552,"Cushman, J.A.",1905,no article title available,Am.Naturalist,Am.Naturalist,39,462,383,,, 
1407,"Shaw, A.B.",1957,no article title available,Jour.Paleontology,Jour.Paleontology,31,4,786,,, 
6048,"Kjellesvig-Waering, E.N.",1948,no article title available,"Illinois Scientific Papers,","Illinois Scientific Papers,",3,4,24,27,, 
873,"Hall, J.",1859,Contributions to the Palaeontology of New York,"Twelfth Ann.Rpt. N.Y.State Cab.Nat.Hist.,","Twelfth Ann.Rpt. N.Y.State Cab.Nat.Hist.,",186,186,56,57,, 
1331,"Allmon, W.D.",1996,"Systematics and evolution of Cenozoic American Turritellidae (Mollusca: Gastropoda) I: Paleocene and Eocene Coastal Plain Species related to ""Turritella mortoni conrad"" and ""Turritella humerosa conrad""","Palaeontographica Americana,","Palaeontographica Americana,",59,59,118,,, 
5261,"Meek, F.B. and A.H. Worthen",1868,no article title available,Acad.Nat.Sci.Philadelphia Proc.,Acad.Nat.Sci.Philadelphia Proc.,,,353,,, 
14155,Raymond P.E.,1931,"Notes on invertebrate fossils, with descriptions of new species",,,,,,,, 
1414,"Lochman, C.",1938,no article title available,"Jour.Paleontology,","Jour.Paleontology,",12,5,474,,, 
3111,"Hyatt, A.",1891,no article title available,Geological Survey of Texas (1890),Geological Survey of Texas (1890),,,337,339,, 
1422,"Miller, A.K. and Youngquist, W.",1949,American Permian Nautiloids,Geol. Soc. Amer. Mem. 41,Geol. Soc. Amer. Mem. 41,,,34,36,, 
4158,"Walcott, C.D.",1890,no article title available,U.S.Geol.Survey Annual Rept.,U.S.Geol.Survey Annual Rept.,10,10,603,604,, 
2581,"Stose, G.W.",1894,no article title available,Proc.Boston Soc.Nat.Hist.,Proc.Boston Soc.Nat.Hist.,26,,369,371,, 
2623,"Woodward, H.",1870,no article title available,Quart.Journal Geol.Soc.London,Quart.Journal Geol.Soc.London,26,,486,488,, 
14534,"Whittington, H.B.",1963,"Middle Ordovician trilobites from Lower Head, western Newfoundland",,,,,,,, 
3732,"Raymond, P.E.",1913,no article title available,Ottawa Naturalist,Ottawa Naturalist,27,27,102,,, 
2668,"Cleaves, A.B.",1935,"Middle Devonian Branchiopod from Perry County, Pennsylvania",Jour.Paleontology,Jour.Paleontology,9,1,6,,, 
2709,"Foerste, A.F.",1920,no article title available,Denison Univ.Sci.Lab.Bull.,Denison Univ.Sci.Lab.Bull.,19,,196,,, 
2714,"House, M.R.",1965,no article title available,"Philo. Trans. Royal Soc. London,","Philo. Trans. Royal Soc. London,",250,763,115,117,, 
2733,"Macurda, D.B.",1965,no article title available,Jour.Paleontology,Jour.Paleontology,39,6,1215,,, 
2740,"Walcott, C.D.",1916,no article title available,Smithsonian Misc.Colln.,Smithsonian Misc.Colln.,64,5,351,352,, 
1897,"Boucot, A. and Thompson, Jr., A.",1963,no article title available,Geol.Soc.Amer.Bull,Geol.Soc.Amer.Bull,74,,1321,2,, 
6394,"Mcalester, A.L.",1965,no article title available,Palaeontology,Palaeontology,8,,242,,, 
7427,"Agassiz, L.",1840,no article title available,Catalogus Systematicus Ectyporum Echinodermatum Fossilum Musei Neocomensis,Catalogus Systematicus Ectyporum Echinodermatum F,,,2,,, 
6107,"Smith, J.P.",1914,Mid Triassic Marine Inv. Fauna of N. America,U.S.Geol.Survey Prof.Paper #83 Mid Triassic Marine Inv. Fauna of N. America,U.S.Geol.Survey Prof.Paper #83 Mid Triassic Marin,,,136,137,, 
8255,"Hyatt, A.",1875,no article title available,"Proc. Boston Soc. Nat. Hist, v.XVII","Proc. Boston Soc. Nat. Hist, v.XVII",,,370,,, 
7884,"Kummel, B. and S. Sakagami",1960,"Mid-Scythian ammonites from Iwai formation, Japan","Breviora,","Breviora,",126,126,9,10,, 
6478,"Baas, D.E. Briggs, van Heemst, A. Kear and J. de Leeuw",1995,no article title available,"Geochimica et Cosmochimica Acta,","Geochimica et Cosmochimica Acta,",59,5,948,,, 
7756,"Raymond, P.E.",1912,no article title available,"Ottawa Naturalist,","Ottawa Naturalist,",26,26,105,,, 
9466,"Waller, T.R. and Stanley, G.D.",2005,no article title available,"Jour. Paleontology,","Jour. Paleontology,",1,1,23,24,, 
2042,"Cooper, G.A.",1931,no article title available,Jour.Paleontology,Jour.Paleontology,5,2,129,131,, 
4635,Joachim Barrande,1877,no article title available,Systeme Silurien du Centre de la Boheme Suppleme,Systeme Silurien du Centre de la Boheme Suppleme,,,116,117,, 
862,"Gould, S.J.",1984,no article title available,Paleobiology,Paleobiology,10,2,193,194,, 
4762,"Brower, J.C.",2007,no article title available,Jour. Paleontology,Jour. Paleontology,6,6,1286,,, 
4869,"Miller, S.A.",1880,no article title available,Cincinnati Soc.Nat.Hist.Jour.,Cincinnati Soc.Nat.Hist.Jour.,2,4,218,,, 
1883,"Jackson, R.T.",1929,no article title available,Belgique Mus.Royal Nat.Hist.Mem.,Belgique Mus.Royal Nat.Hist.Mem.,38,38,56,67,, 
3383,"Resser, C.E.",1935,no article title available,"Smithsonian Misc. Collections,","Smithsonian Misc. Collections,",93,5,19,,, 
4475,"Shaw, F.C. and Lesperance, P.J.",1994,no article title available,"Jour.Paleontology,","Jour.Paleontology,",68,4,812,813,, 
4000,"Kummel, B. and Erben, H.K.",1968,no article title available,"Palaeontographica,","Palaeontographica,",129,,126,,, 
1221,"Teichert, C., B. Kummel and W. Sweet",1973,"Permian-Triassic strata, Kuh-E-Ali Bashi, northwestern Iran","Bull. of the MCZ,","Bull. of the MCZ,",145,8,408,9,, 
2180,"Young, J.A.,Jr.",1942,no article title available,"Journal of Paleontology,","Journal of Paleontology,",16,1,123,,, 
2257,"Whittington, H.B.",0,no article title available,Jour. Paleontology,Jour. Paleontology,35,3,438,439,, 
2329,"Cloud, P.E.",1942,Terebratuloid Brachiopoda of the Silurian and Devonian,Geol.Soc.Amer.Spec.Paper 38 Geol.Soc.Amer.Spec.Paper 38,Geol.Soc.Amer.Spec.Paper 38 Geol.Soc.Amer.Spec.Pa,,,111,8,, 
4899,"Clark, W.B. and Twitchell, M.W.",1915,no article title available,U.S.Geol.Survey Mon.,U.S.Geol.Survey Mon.,54,,,,, 
866,"Clark, T.H.",1935,no article title available,Jour. Paleontology,Jour. Paleontology,9,,241,,, 
878,"Foerste, A.F.",1925,no article title available,Denison Univ.Sci.Lab.Jour.,Denison Univ.Sci.Lab.Jour.,21,1,55,,, 
2683,William More Gabb,1869,Descriptions of some secondary fossils from the Pacific states,"Amer.Jour.Conchology,","Amer.Jour.Conchology,",5,1,7,8,, 
3267,"Walcott, C.D.",1886,no article title available,U.S.Geol.Survey Bull,U.S.Geol.Survey Bull,4,30,211,213,, 
1138,"Brower, J.C.",1987,no article title available,Jour.Paleontology,Jour.Paleontology,61,5,1001,,, 
2580,"Rolfe, W.D.I.",1962,A new phyllocarid crustacean from the Upper Devonian of Ohio,Breviora,Breviora,151,151,4,6,Museum of Comparative Zoology, 
2626,"Whittington, H.B.",1962,The Ordovician Trilobites of the Bala Area Merioneth. Part 1,Palaeontographical Soc.London Mono.,Palaeontographical Soc.London Mono.,116,,7,9,, 
5655,"Schuchert, C. and Cooper, G.A.",1932,no article title available,Yale Univ.Peaody Mus.Nat.Hist.Mem.,Yale Univ.Peaody Mus.Nat.Hist.Mem.,4,,75,,, 
2694,"Shimer, H.W.",1906,no article title available,Am.Naturalist,Am.Naturalist,40,470,97,,, 
2729,"Macurda, D.B.",1977,no article title available,Jour.Paleontology,Jour.Paleontology,51,6,1207,,, 
2741,"Whittington, H.B.",1965,no article title available,Jour. Paleontology,Jour. Paleontology,39,3,490,491,, 
3339,"Orr, P.J., Briggs, D.E. and Kearns,S.L.",1998,no article title available,Science,Science,,,1174,,, 
4633,"Miller, S.A.",1875,"Class Cephalopoda (Cuvier), as represented in the Cincinnati Group.",Cincinnati Quart.Jour.Sci.,Cincinnati Quart.Jour.Sci.,2,2,125,,, 
4647,"Westermann, G.E.G.",1985,no article title available,Palaontologische Zeitschrift,Palaontologische Zeitschrift,59,,88,,, 
5689,"Clark, T.H.",1920,no article title available,Am.Jour.Sci.,Am.Jour.Sci.,50,,69,71,, 
7120,"Welby, C.W.",1961,no article title available,Jour.Paleontology,Jour.Paleontology,35,2,392,,, 
6684,"Fletcher, T.P., Theokritoff, G., Lord and Zeoli",2005,no article title available,"Jour. Paleontology,","Jour. Paleontology,",,,321,322,, 
8945,"Vadet, A.",2007,Echinides fossiles du Boulonnais: Du Bajocien au Tithonien. <i>Les Irreguliers</i>,Annales de la Societe d'Histoire Naturalle du Boulonnais T.5 F.2,Annales de la Societe d'Histoire Naturalle du Bou,,,187,,, 
6366,"Foerste, A.F.",1930,no article title available,Denison Univ.Sci.Lab.Jour.,Denison Univ.Sci.Lab.Jour.,25,1,17,18,, 
6361,"Foerste, A.F.",1926,no article title available,Denison Univ.Sci.Lab.Jour.,Denison Univ.Sci.Lab.Jour.,21,5,361,,, 
7264,"Clark, H.L.",1945,"Geology of Lau, Fiji - Echinoidea",Bernice P. Bishop Mus.Bull.181,Bernice P. Bishop Mus.Bull.181,,,313,314,, 
8598,"von Heyden, C",1862,"Gliedertiere aus der Braunkohle des. Niederrhein's, der Wetterau und der. Rohn",Palaeontographica,Palaeontographica,10,,62,63,, 
6162,"House, M.R.",1967,no article title available,"J. of Paleontology,","J. of Paleontology,",36,2,278,9,, 
8950,"Lyon, S.",1861,no article title available,Acad.Nat.Sci.Philadelphia Proc.,Acad.Nat.Sci.Philadelphia Proc.,13,,412,,, 
8963,"Whittington, H.B.",1954,<i>Onnia </i>(Trilobita) from Venezuela,Harvard Univ.Mus.Comp.Zoology Breviora,Harvard Univ.Mus.Comp.Zoology Breviora,38,38,2,4,, 
9033,"White, C.",1863,no article title available,Boston Soc.Nat.Hist.Jour.,Boston Soc.Nat.Hist.Jour.,7,4,505,,, 
9034,"White, C.",1862,no article title available,Boston Soc.Nat.Hist.Jour.,Boston Soc.Nat.Hist.Jour.,9,,15,,, 
8796,"Moore, R.C.",1978,no article title available,Treatise on Invert. Paleo. Part T,Treatise on Invert. Paleo. Part T,,,,,, 
9408,"Dana, J. D.",1849,no article title available,Geology. United States Exploring Expedition,Geology. United States Exploring Expedition,10,,690,,, 
